Epoch,TrainLoss,ValLoss,ValAcc
1,1.3938940068085988,1.4024984538555145,0.34536082474226804
