Epoch,TrainLoss,ValLoss,ValAcc
1,1.38294052084287,1.369339644908905,0.43556701030927836
