Epoch,TrainLoss,ValLoss,ValAcc
1,1.3814214964707692,1.3716695308685303,0.3865979381443299
