Epoch,TrainLoss,ValLoss,ValAcc
1,1.383845994869868,1.3555749654769897,0.38402061855670105
