Epoch,TrainLoss,ValLoss,ValAcc
1,1.391306847333908,1.3814311921596527,0.30412371134020616
