Epoch,TrainLoss,ValLoss,ValAcc
1,1.3865866263707478,1.3455203175544739,0.3634020618556701
