Epoch,TrainLoss,ValLoss,ValAcc
1,1.3885981539885204,1.3850569128990173,0.38144329896907214
