Epoch,TrainLoss,ValLoss,ValAcc
1,1.387599875529607,1.3747572302818298,0.41237113402061853
