Epoch,TrainLoss,ValLoss,ValAcc
1,1.3886032501856487,1.3797616064548492,0.3015463917525773
