Epoch,TrainLoss,ValLoss,ValAcc
1,1.394225666920344,1.342965692281723,0.3917525773195876
