Epoch,TrainLoss,ValLoss,ValAcc
1,1.3776871959368389,1.3619957864284515,0.32216494845360827
2,1.3675394256909688,1.3476195931434631,0.24484536082474226
3,1.3559410174687703,1.3377514481544495,0.30412371134020616
4,1.3415901164213817,1.321733981370926,0.5927835051546392
5,1.3322942058245342,1.3047125041484833,0.711340206185567
6,1.3049793740113576,1.2687698006629944,0.7087628865979382
7,1.2804706593354542,1.2265916764736176,0.6984536082474226
8,1.2360431055227916,1.1657437980175018,0.729381443298969
