Epoch,TrainLoss,ValLoss,ValAcc
1,1.3984050055344899,1.3897963464260101,0.3170103092783505
2,1.3781316777070363,1.3653644621372223,0.4845360824742268
