Epoch,TrainLoss,ValLoss,ValAcc
1,1.395467499891917,1.3876713812351227,0.3427835051546392
