Epoch,TrainLoss,ValLoss,ValAcc
1,1.3759391605854034,1.362267017364502,0.39948453608247425
2,1.3606867492198944,1.3476736843585968,0.43556701030927836
