Epoch,TrainLoss,ValLoss,ValAcc
1,1.3837635119756062,1.3580777049064636,0.2860824742268041
